filename,source_type,present,bytes,sha256_current_copy
ConstPolitEUM-15oct2025.pdf,statute,True,3048150,b93d0c8600f6afddce1236f7bfa0d93fbefc6d7ccfe2c0b8e492319014d06f21
LFT-15ene2026.pdf,statute,True,4183404,46cf7a7bd854c261545cc4a3e57c57e52f6ddd8fb06260af1628a26fa44f8ed3
LSeguroSocial-15ene2026.pdf,statute,True,2161638,8a28a16e1dce1f8e666f4cce5ed19745bc912b2ab1ca49787d5d4bef229398ed
LeyAmparo-16oct2025.pdf,statute,True,1369391,05560493ac2b17b9e77eeb9741843176ee0fde76f05e75f853465b13621be78d
LeyFedTrabServEstado-15ene2026.pdf,statute,True,802859,2055ea67ac6fb6642ef90d1970e8ebf9870a0cb40c71930aa99d12dd446870fe
LeyINFONAVIT-21feb2025.pdf,statute,True,1024529,9ee6e5ef336dee5700726bd3c570d24f91fc458136e298ae2e3806bd12217912
LeyISSSTE-15ene2026.pdf,statute,True,1205559,aa6e0e437331debd80d0086155e2d99885ea5e22cb13353c44eb0b1090f0b4d5
LeyImpSobreRenta-1abr2024.pdf,statute,True,3021915,803c2875c09c751c1966b8eb4dca99f460b237da4ef67ee04b4fa325d8c2f786
LeyVivienda-15ene2026.pdf,statute,True,536133,03633d7ecf1c2f762ba86c3f3b670b71a445e7ef5206aaa931397c3f327f2ba6
Precedente200037.pdf,court_resolution,True,1469039,77010a54d575776373ebbaddc8d6786ef4578088ad73512818ce355823226833
Precedente200175.pdf,court_resolution,True,1565513,2b65c65985c9f88037290a9e9d4b0f5388c6640d8293c440dc3751c089b3c2d4
Precedente200180.pdf,court_resolution,True,1564918,c4d58eee8f0d64fd8fa32dd42332123fa9b5852dccb9635e487c531d6ebeeb5c
Precedente200185.pdf,court_resolution,True,1564390,58d76e4117f5f19913a861b7cdcfb98e718c63c375f51fe1b26458b4e2094693
Precedente200186.pdf,court_resolution,True,1564771,94ee246ac410a7cb47d44876486a2e7e9eeae25acdad0c7c637f42830c081c7d
Precedente200187.pdf,court_resolution,True,1564866,58cd1b6c8d7a5e7fa5fe674878e3a57cf3c05331bc0915e59cbbcdc997773050
Precedente200198.pdf,court_resolution,True,1656110,c66c33109ca793c1f4b5c1d71112921565106970dbd1d6a4c62a9d47e105454a
Precedente200200.pdf,court_resolution,True,1564709,25e0f6e08d8bfeab120bbd1aa4ccc999f19ef73e4e32e5c368c8cca1d4e8bc11
Precedente200201.pdf,court_resolution,True,1565503,ed044faf6e6ec3699df5ee690de2c4007b6e2e02e703683c2c3d27f5755e3e63
Precedente200202.pdf,court_resolution,True,1565466,322c7bdbdbc9f4e38802fdc16ec37f5915d20db6eee3d348639a8b1919cee680
Precedente200203.pdf,court_resolution,True,1565537,77c179adab58dfe3b7deaec8a4beedaa9e250dd307306b5f0d4cb8e4d7e1af52
Precedente200557.pdf,court_resolution,True,642819,c2e61f59de250bf88948bb6c986c25b7b6724bb81f27a3b626c22260feea2582
Precedente200647.pdf,court_resolution,True,917624,dccf0e1c70466e03c39474bd2b3e58099678e6e2ee8254974cc205af900ee35c
Precedente200696.pdf,court_resolution,True,2662961,c1d84007b19172c3b5afb52deaa7ba39400b27502084dcb576c3e95d500464f9
Precedente200697.pdf,court_resolution,True,2205725,80529f99d7c6b73c037e91422151785fcff8db7859e417db1ff7f4eee08e4b98
Precedente200698.pdf,court_resolution,True,2480559,82e8106df85ae4aed5607d524a1521a2c4b43507e0cbc0e9aa71b5a9a4771a32
Precedente25042.pdf,court_resolution,True,3135224,e607f6b755e52b6c7ddf2507f6912fa6551ca551252f812b5314bb8fdcfa907d
Precedente25049.pdf,court_resolution,True,1469844,e4f149b2636565f853c73bfe7b996244e7754a3c0bdf5994f2b60443ab9ed06b
Precedente25054.pdf,court_resolution,True,1013561,bc23de46d4ccb383185b261e967f34b20c3dcbdf362aabf2fcb1b28d06e7000e
Precedente25086.pdf,court_resolution,True,3679229,9a0b0de4b744ea0bb3510f657b4fce6d90e5176635ed424b58aa6624645e7274
Precedente25089.pdf,court_resolution,True,828332,be982ce115c3780477488f3ae1ff40a3b5f84604a35c5096f2b259f817464dcf
Precedente25092.pdf,court_resolution,True,643439,185139e8eeb314f6e746f19de4affb68362668b8779010decf76374646ce887a
Precedente25095.pdf,court_resolution,True,2946283,f76ea6c5b90f5f51f8bd4c427e58c824bf63ddcd76925a2ac108a066837d076a
Precedente25116.pdf,court_resolution,True,2394316,ab33dba1c57cfc3a8ad71f33faab668b62ef5c7a37e6d3560ce8aae24c02e470
Precedente25118.pdf,court_resolution,True,2849744,ffade6581b0cf215385f06de60cfe654534a7f66334632013dad201f127a2b99
Precedente25125.pdf,court_resolution,True,2302641,5c86e66c707a5a25d0c04df405cef6db31b11a61bda153e28462c755c700cf27
Precedente25127.pdf,court_resolution,True,3502361,ee5cb80775a5d85bedeadd6232b605d55db7dfc9262ed4f761e75599575bdc45
Precedente25166.pdf,court_resolution,True,1475307,16c9bf5803aa3545bbf72248c31b743fc0ca31c9d3b70362b2404fef3c72123e
Precedente25208.pdf,court_resolution,True,1194435,a93a8a34fad31b720757bcbfe116260a492f5a97eb7ec75822786efbfbdf949f
Precedente25213.pdf,court_resolution,True,1839063,de6c1e13b3b07267163489850b27ca4233885c43c38daeea0a84586fe3db4b5d
Precedente25237.pdf,court_resolution,True,4054895,7ebfcaa0982fdbca526ef76ffe9be02db36f730d95da0fba7b7571b00b5ebc57
Precedente25249.pdf,court_resolution,True,8093965,df2794cec0c04f272abac8031c12e09d718026ee7eb7bac7883c347a8d4926c9
Precedente25280.pdf,court_resolution,True,1844221,86871620468a352e2e53d12d30890b8122a5c621e760cf367d17eca0f7c3d4bc
Precedente25285.pdf,court_resolution,True,4227498,246cd6d1979c4fb99871de4fcf93f9e71453d7c8db688fe137c18c637bd2aadd
Precedente25308.pdf,court_resolution,True,1381657,9b98f502c661995f6c580a8d9cced6251ecc89f17ae3c4dfdfc98eb8879ab7b2
Precedente25370.pdf,court_resolution,True,734333,629bbb2816dc11d6a8be46938fb96c83cb467ce13dd98ee7eb0da926f41797db
Precedente25397.pdf,court_resolution,True,2392829,6c40fa12519bbe4747a68b02d70cd132a1b789162c5d171bc73fabc293dc81e1
Precedente25411.pdf,court_resolution,True,827934,2d7854337dcb5818bc27e6fed8c26412b0d1f314716d60b3218c6a502121fba2
Precedente25487.pdf,court_resolution,True,2667673,2e6d119b4e5e6275fb2a00c6b4de984f6f58e525c35c804521937f1e985807a4
Precedente25576.pdf,court_resolution,True,828728,ff74fdf6d67dffc5661a73c897f537250abebedaa97096c8c1a543ebcafd0816
Precedente25596.pdf,court_resolution,True,2211238,b02a3baaa89a6b5af9845af38b7e11cc008594b18a670447fb402068b19f178c
Precedente25624.pdf,court_resolution,True,2117529,f53ac335f44e04f9fe8d06eb74e0487c1916cabb959f525cfa0ea715b021c825
Precedente25633.pdf,court_resolution,True,1474644,daf0798248e68d82e521588b771f2796cf49d4ea0db80bc682390a473b34ebba
Precedente25647.pdf,court_resolution,True,1928612,675a6fa75e93ceff84cf2273c3b77c67ef12b8aabd92078bc6e566ded189007f
Precedente25667.pdf,court_resolution,True,1199876,6421897a3703dbaf1c3959d7e645f3f53e7241364642c7c55907bdd6b46376cf
Precedente25703.pdf,court_resolution,True,4330688,0f63a92aa6fc5c839064f7881dc05826618c7d64c8be006d8c0acee2c61dcb65
Precedente25742.pdf,court_resolution,True,2395580,8a68387826097a6ceca0c949f918708cdaeca81ee942a56c493b7deb48a89710
Precedente25755.pdf,court_resolution,True,2940995,204ba4970e4e9b0286956a96dce42ea1613ca043f40c816db63579275bfe0b77
Precedente25769.pdf,court_resolution,True,2395367,859b7132462d072aaf6cb6795dc066dd217b984e4a06e3fbb5f559b1672df9bf
Precedente25823.pdf,court_resolution,True,2395512,11d8a7653eaa05d970461499a7acc795c304d9869575c465e80d3e40cd0a6a95
Precedente25829.pdf,court_resolution,True,2026922,779b81c334dfa97b274a16063c0f514147c9aa3330cf73bac295e9644217e82c
Precedente25860.pdf,court_resolution,True,1376856,9f5883108d14173ccb74c19aadeca7ff3e1e8bca8d936efb8b96e4569f8554a9
Precedente25871.pdf,court_resolution,True,3868739,6e8feb007e470eae34dc19a71684273874c29025bc439a205c776bb7d72378c6
Precedente25872.pdf,court_resolution,True,4787124,8ada68f42e1b799e2164aca48598896d5d8555a7f1eeb49d513954414c49aadb
Precedente25895.pdf,court_resolution,True,1655205,10a04ed41854d3a09b26eb4f4420c8f6f7c50ed04a6695ba0faa5bd54e699ac1
Precedente25897.pdf,court_resolution,True,2667531,d482b4f3a31cc6da2068c307e982938d21d6e00567d29e79c58532b6a3838c53
Precedente26041.pdf,court_resolution,True,2390095,cd8300cf02dac6e6062c2d697c276522e6e47a0fa3478bc12967f7b029322d7a
Precedente26061.pdf,court_resolution,True,1841698,3a6832b3797645b4c8910082df3fb2b4dcca6f26c5197e83f7cd74fbaa472b94
Precedente26094.pdf,court_resolution,True,919391,1a0b508e865464d4bd874a013f3027fe156412e64494c13ed9b9d4364624ddc2
Precedente26100.pdf,court_resolution,True,2206939,e77df3b35737450df214a164642d334a4ecc083772ab4528f05cda9e8ba3c53a
Precedente26170.pdf,court_resolution,True,2202209,9255982f41b94d2350d81961754739b3342efdcd8509baa3c28ece01b462eac8
Precedente26179.pdf,court_resolution,True,7542723,da9ea4a91689b813c282293791777a76b304bc35d2cede5620297669a3e01aae
Precedente26189.pdf,court_resolution,True,2667897,f39599433379069fe3e2cdef04e7565a6ef35bbfcab11d40b5e67ea3c30b84a7
Precedente26209.pdf,court_resolution,True,2117144,313c5c3f77d515fd74d180ccceac34698fe3b7b09bf3e3f8a17f541b71907503
Precedente26233.pdf,court_resolution,True,1472783,ea933a8017bcbca07cd5c4e08d8d27a8992efdaa3264f43e0cd2de111558d5bf
Precedente26262.pdf,court_resolution,True,1565337,4112a5473d13f3cbca2685e24c37ddae0695768c41ec055c0673ef1557cfb873
Precedente26283.pdf,court_resolution,True,7074338,7a0548fe57e3f1127f5702c9bbaafa6303fb0016b2f5369630dd1cbc844f43e4
Precedente26335.pdf,court_resolution,True,1656146,6b6b5adf72360ccb595fbea2bf5f5d9f617014c478322469a7aa64487078c97f
Precedente26336.pdf,court_resolution,True,735915,a361b20721ce030f882f63a17fa38bda7aa1f3e06a849480114db5662021e255
Precedente26343.pdf,court_resolution,True,2480998,9b06e2d28e11996f50bec9b8c7a0777354155f8417f110a8a555390e60235641
Precedente26353.pdf,court_resolution,True,736465,51922542f1a15ff28ee014a0588d53fdde07756c4625d9fe994f2a961730e909
Precedente26400.pdf,court_resolution,True,1839152,f79ebec484738b5f06e3962e281012f06d3edc5d534dc526cdbba51b1cf7c261
Precedente26413.pdf,court_resolution,True,4129651,1205356bf2aff779692c90f1698e48a70785b2fcd9db43f0007701cb8d4a728d
Precedente26431.pdf,court_resolution,True,1287345,120d3b7d11b93c5ab42c6efe1957f4fe70345030462b3b7ae39e243ae0f30528
Precedente26444.pdf,court_resolution,True,3128052,4043922b5ade3e74057edc5af2ab105aa5c2bd47fc030b4181c616d567f9d320
Precedente26453.pdf,court_resolution,True,2864235,f095143409e04e7b0918b40d7e0386f74e5608d844652038910d36b850884b71
Precedente26454.pdf,court_resolution,True,1473587,9598af8098e396274deacec5030ed74b372862ca45448e96c92f9d8abcc3405a
Precedente26455.pdf,court_resolution,True,1930857,d2fe4df46c77ab54440f504e4d410fcc7f361ae5315d7dfdb389e4d5bb988ac2
Precedente26464.pdf,court_resolution,True,1473093,9a8de65114f4f1b0e76aac1fc42882d1fdf043ac95e871cf5d8013e78799c154
Precedente26679.pdf,court_resolution,True,3406945,38f50d0c7d51fa70ec031980f2017158e0a7b6c8ea5dddb0629af280ff839cf9
Precedente26685.pdf,court_resolution,True,1937355,3f03364987267a5012e3c9ec2a63eea805ff3344842e179cd4fbf73be33a3f59
Precedente26686.pdf,court_resolution,True,1014777,073df33674201624f053253164bd9f0df347f2c251ac57dd818f79a2befd6a25
Precedente26687.pdf,court_resolution,True,922950,f8419fb4494a06bc17c6d8b2d1cdf53cedc907ca04d206c85834597c30440f50
Precedente26752.pdf,court_resolution,True,2861121,a16e08b25080c7e718527548147ca7e3986349337b94a45d02286eee8268a275
Precedente26753.pdf,court_resolution,True,2115245,69c969ed2e31aff249f811e8a29cd2565520b5b5791bda1c9278df65338a5960
Precedente26755.pdf,court_resolution,True,736667,30e04ee5c17af11ecc5cf954938de8ff3bae9ee50f978fe8e733d69c9c097651
Precedente26759.pdf,court_resolution,True,921447,e3ec151146db35b7043474be595434eda2bbb0c0c8a0de3a4a7f8c13e1ab7964
Precedente26772.pdf,court_resolution,True,3034607,4bf495d45cd0cf44e4a4369704039a7059cf3111cff31eeefbf2d9247d7e4239
Precedente26776.pdf,court_resolution,True,1199845,3b70941d1e51665a26cce79e5cf1043949ea854864f88816339a3c8a0b409322
Precedente26790.pdf,court_resolution,True,2386615,96ae1b602edafcb0666c5f9f1ef02d30c41460bd8bc34cc29242cc2d825041f8
Precedente26796.pdf,court_resolution,True,554356,4d8d4adfb55e743a138e24212010a3c48e440c6c0109e12e03b986dbe2e14042
Precedente26822.pdf,court_resolution,True,1012886,87f71ca46fe8521abc0fc626a06bf30980a6bd9512b4974110b56b54a502fdd8
Precedente26827.pdf,court_resolution,True,3683449,3c27d98c83d8b06a6a3105c6d9e8b4da48b9a1125b5303da84967f58793749d9
Precedente26834.pdf,court_resolution,True,3500393,72cc31c89ba12ec24638989e2ba2ede3f2edbe0ca71b6659b316974418347f0e
Precedente26837.pdf,court_resolution,True,642841,069f5e7e01c23d00a573f7833ded221d6ec988de41b8b7f8fac790252e0f1198
Precedente26893.pdf,court_resolution,True,1654600,cfb18b2675288ca7a65892501d999fa688ed99b04752ea445a35d1d0dac09640
Precedente26941.pdf,court_resolution,True,1659425,10a3e8e5954871f5e37faa4faadbcda909986ca7927f1ea9e7e2af0cba32ae31
Precedente26942.pdf,court_resolution,True,1105230,b20520908f099d71446f3fefca4db86abe096e815a7a85b72b31473a95998302
Precedente26957.pdf,court_resolution,True,644973,6506906d389a5286e1c1a0b673ebe34f9917c28aaf45c0452770f8397dde5522
Precedente26991.pdf,court_resolution,True,1287424,a6e2cdab63a357df7554e2d906c57c19a9ccc887e32b8185ae2f1d604e351cb5
Precedente27005.pdf,court_resolution,True,642965,40e7720dbff15f2494edf9326d10d701ed90a443d9da52c96caa897ef77ba3fe
Precedente27024.pdf,court_resolution,True,552258,21fd06796f9b9fd4bcd03b8ba77635867c28854ee0aecfa1156bbf1dbd99e19b
Precedente27030.pdf,court_resolution,True,1381555,2257e845bc95e28c3b6949f4b8f7445bc3fac8925852aade6cffb5c5cd5e0333
Precedente27031.pdf,court_resolution,True,1749733,02422485effb8e350c75e8fe0c285d79cc2ec7321c4e05749f36be35378ee0fc
Precedente27062.pdf,court_resolution,True,735706,76488f2361635d202e27bbb6dde28589ed0e245c3ad14f0a2d758ec1d3d8cbdb
Precedente27071.pdf,court_resolution,True,2113204,ca893ea31827a9e5a1dbb205362b81efedae6581b1278971b1f530e95db5abc6
Precedente27084.pdf,court_resolution,True,3675729,db2cf912e42f60c9a56a9133ce9e19fa255243f2a522f63737fe648262a2d838
Precedente27146.pdf,court_resolution,True,2018911,96be22d25081cc3374b24a86b178a38aa7088acc08e3b12377ad90f319617454
Precedente27153.pdf,court_resolution,True,459597,b082cff5390a5dedd337d8167fb65a063532a3a03929b2db8b467c6d03f731c9
Precedente27156.pdf,court_resolution,True,2117719,421fc8bc558dfc1f3da687c85c91cf723bee325813a6fb600b26dc2d87443194
Precedente27157.pdf,court_resolution,True,2301490,0b60035e25460306b07aff1ad3f55f9b2fd95916f693129c7e48fb550664f022
Precedente27175.pdf,court_resolution,True,2578383,8b8f5cc87ba6d719adf4ccc08ac2bd5653f43fd64e60dff11f55fb26f6d81f44
Precedente27204.pdf,court_resolution,True,1102179,b5b37e90266563a99b3ebacd38cd4221c5840fda892a68a2c0c99d6d56b0fc2f
Precedente27220.pdf,court_resolution,True,3404098,09263860cee588f736060c97e6d5be40f69bc19be49792067665115b04ba3b3b
Precedente27229.pdf,court_resolution,True,1750601,aa340a31762e48b3fd1149aa6e0491009a5089551752c6357312ae4f0bfba941
Precedente27241.pdf,court_resolution,True,1470971,b9487df3bbf782aad1cf6c9242e98d407843201625c23dc5447abfc0caa4ad6f
Precedente27281.pdf,court_resolution,True,4233906,10932500e43aeffdd4263dd1b2c834b654bbca775be84b0e23c68d51ad94bb1a
Precedente27289.pdf,court_resolution,True,2206861,29859f51e140236c79021b42cc3aa5465a7a27c099821eb23fdeab8d646edadb
Precedente27301.pdf,court_resolution,True,2480512,0561b0128043bbe75c83ce565ab09d73de133998d0e08747245604bea1489006
Precedente27307.pdf,court_resolution,True,1287272,86c1ad75ed98b8b3b4097627bc2705e91eee134579027ce072a9b451c2c93212
Precedente27322.pdf,court_resolution,True,1469515,7e1b694ddea32f46d651725b5e3a36ba09a5367aa94da66e8df2c90ad56dc897
Precedente27324.pdf,court_resolution,True,643396,dd0d8c7191078c0946f19f6137fffdf77f6b1d2ab304575841ef37c882924d86
Precedente27343.pdf,court_resolution,True,917907,f722926d098e953f8205cc4e07aba2864a6af804389cb1fee97d276753761b00
Precedente27356.pdf,court_resolution,True,4506998,2c960959eda656f05a7f7d5b0b5d198455a72f2f2252e3d713a49bf950587c3f
Precedente27381.pdf,court_resolution,True,4140928,e51509afe7fbab2fec544bfef0a2cb3b18a06c9dd80b1b50738fd2dd4ad71c09
Precedente27418.pdf,court_resolution,True,1934290,f3c0651a80adafa57cb3706abe90dc5a0dad642bae4325a28f8ed51846f7c7bc
Precedente27457.pdf,court_resolution,True,1745254,cbc306827a2ba6b38f2bfa1f47bf6884ba3e3a06f1673fb5d6a588c4b05eedc4
Precedente27486.pdf,court_resolution,True,1842350,be9bbf81d504ab0919882db9456388346870e29f3a4e6a2133356f63bb4c7274
Precedente27488.pdf,court_resolution,True,1471171,0a1ed5842afdf291e6e4994b8639786b9625bcc16b2ce5f4d9679171a05653e7
Precedente27496.pdf,court_resolution,True,1288536,961fb4a3bf99d1fded23625abe354ce750630a6d4dbf820c57aefd8ffd693473
Precedente27525.pdf,court_resolution,True,1012890,237a8d1e9fbfd91c34350dc7d2ec552dfb36dd23ebccd805c318fd71ac1ca854
Precedente27538.pdf,court_resolution,True,2021070,580311efda70aa5cdd392aed5530d5dad99b52d907d84a6e9689a2c8c733d2f9
Precedente27555.pdf,court_resolution,True,2394408,d7ed403a8111f481ac350cab0c3cee82aa94308951c061f4679b87e00cb415e0
Precedente27559.pdf,court_resolution,True,3499900,1c3b5a841661dce9e05d63b7ff02af838f940a14ae59aa5d671be15281976c47
Precedente27604.pdf,court_resolution,True,2482203,33f69a4343dae26e24f4dae3e927354dfeb82b18034a282eab45844ec6345000
Precedente27614.pdf,court_resolution,True,736933,c29e3fa99d5bc5a0fb298bd72242d109606b4217f1de40da536ecf290d60e291
Precedente27616.pdf,court_resolution,True,643713,597bf4527e15649542446e6fc0c7ad25fddc676e312c91656f95160dc39572c7
Precedente27693.pdf,court_resolution,True,2303146,bc0dd4d5f0c92c1d22398fd2d30c955baf2f80628b7aff4df17a72b3242e457f
Precedente27702.pdf,court_resolution,True,1928635,3dd29d13256474c0f1d48bc8d0a1e10cb73a32f3422256d2f455a1f1fc99a018
Precedente27725.pdf,court_resolution,True,3585325,e5c3cdee140fc9256468f44b3156c9cee1945571054735cf83770c0a4b989c40
Precedente27756.pdf,court_resolution,True,2485919,bd98ce578fccb29fa6f05c8b48fd0fc7074497668eb01dbd257fd463921d22ce
Precedente27828.pdf,court_resolution,True,1747364,c5c119e770427ee9377ca38d5630a4afbf36bb6a330a753cd77e063959b8f703
Precedente27842.pdf,court_resolution,True,1931150,c1926553ff0e8856e25564cfbb1cc955d678b6fa02be5802dce2988206cafd72
Precedente27847.pdf,court_resolution,True,1470349,a7609dd70e27ff97e7356fcc9bb43d8e6a19f5d1dabd0bc8c61a210733a8a1f0
Precedente27868.pdf,court_resolution,True,643985,aa413be04291f3f55d97fe186d66750de041d875e47dca9bbc4164f6fb5eba48
Precedente27875.pdf,court_resolution,True,3215936,14a23b8c1f7adf5bf5e8d227851a509c5ad2bdaa29550a00a565d2f5d75b2f5a
Precedente27890.pdf,court_resolution,True,18000440,96a177b99b0a5b693d6bda9538215656135774fd90f847f86d93a1513a89f0f0
Precedente27895.pdf,court_resolution,True,5517969,25262ecbcf794a043ad3b22668d35e592a9a7ed549fbe6fc505b036524dc6758
Precedente27935.pdf,court_resolution,True,1195552,754f691a6495faa65abb25e70416d278c724114536ecf252721ffdc593339d14
Precedente28018.pdf,court_resolution,True,1935359,cf7edd8133c473651e26a18347c5e986b9ae4a8faccde3fb6127c007f430fec7
Precedente28030.pdf,court_resolution,True,1289376,1136491f4c8bf824fc118dfe3a6b04abf4a973c7213afc962248ff39a1b8ee5a
Precedente28066.pdf,court_resolution,True,1011459,99c35ac3991b02b1ce4dfa6e3305bb93ababcafb12517233cef727e8897335de
Precedente28068.pdf,court_resolution,True,2580697,c3c08dfd43f2c0ecc0cd549cb0462a17c597067e5dcbf7c4cf89c5b602b77842
Precedente28076.pdf,court_resolution,True,1289013,1ba0739ac08372f158d9c1f5e96c99742eab1377013b8042eff0c9839ff4f207
Precedente28087.pdf,court_resolution,True,1287313,72737c1c2a50c00d2b13cb7a2d2e9dd3b9bb14cafaee84156197a23fcc6c4d80
Precedente28111.pdf,court_resolution,True,921934,bcf6ae81fed46172ac45c78669f3782152c5d7b8ec5711cf2547b92cda989677
Precedente28118.pdf,court_resolution,True,918962,446086a51ee6080d282ad0a2fc88daf3bf5ea3da60b8b5174cf4bb25e15ed950
Precedente28160.pdf,court_resolution,True,737371,2ad3a867b7d346b89eb0c8a95d0e805af1bc7c6737534246e9186b0f8b92734b
Precedente28185.pdf,court_resolution,True,1288645,44f3aca69c30616f0b3fa695fc42ced1fc63b8de37904aa0e1aed5de7b681787
Precedente28208.pdf,court_resolution,True,1928928,442a63ebb0e66f23b3aa459c7df08e8cb2967c897c714726a9a67ac1183f5aa6
Precedente28227.pdf,court_resolution,True,1929839,772fa119f0d6a0c4d69b30eecb6a5c0c9ebb9d7376b6288e7c4f70b9164832df
Precedente28232.pdf,court_resolution,True,2386025,1d20d9e31e13eb793177ecadfbc9d44bbe0dca92e55fce556318a5d9a8e579d9
Precedente28250.pdf,court_resolution,True,3405913,e1c83b95a01b921c5516e178f57260e473e6774adca233381bf3a16c663c8c91
Precedente28260.pdf,court_resolution,True,1290713,6ae28e8abee0165fba13170204eaf85479716e674c6cb71eb822d107ab5d1ee8
Precedente28269.pdf,court_resolution,True,1930647,17620886a196e56aae4a2e38a8be814dafe17fe83a0eb6d5463caffceb6a69ae
Precedente28271.pdf,court_resolution,True,1198054,98f07c751a64dcc23d64e6294417d3f6e49d580a2d3014cf5a7b55ee7a6a728b
Precedente28276.pdf,court_resolution,True,2574448,ce6f3bc8949a25e646dd0ebeecc4a5f1670589e92d5897791b82a027f933172a
Precedente28348.pdf,court_resolution,True,2576775,cf39ac546f81ca036471e718ce4c73c6dbbd57799d16b66e2ad98e39e7d268e1
Precedente28364.pdf,court_resolution,True,1842563,fb8a6a0463338712ba1317df3a9153e1412fc23b80fe15468e9478b73f17b7cf
Precedente28378.pdf,court_resolution,True,1380602,925afa880057776f91b765e8ddc7d91e30f6cc13dbe5a19bfa8011e0ca60cd04
Precedente28398.pdf,court_resolution,True,919214,883c16e7f7f67576a5837e2f496fc85e7e17e987b6f21c15eb044be95a1dd721
Precedente28408.pdf,court_resolution,True,1105376,af4af0b25fbcd370655330fefc5e998b058bac7114e6683d504baae74cd1c5cd
Precedente28424.pdf,court_resolution,True,826970,45ee862098f9d03ad4e4ee4c67337290f08458afd0c65e3b4e72429484ec6c26
Precedente28453.pdf,court_resolution,True,2114276,58224950d18e99e1e878469fabe83b6ebad0ab32b18f5650e460bfe3762fba43
Precedente28455.pdf,court_resolution,True,2669937,d78cf741c238e704058b6c2d2b20e69c5ea48ae845ea49017da4e813f47d8543
Precedente28467.pdf,court_resolution,True,2670416,8f4f0b3dc19dd13fd310758c8e4fda233cc9fbc10000ef57fdb1336f616950d2
Precedente28468.pdf,court_resolution,True,4042563,3c7c16c10deffb0337b21f73c600adccf53bb824213ceb9945a62e25e889e0c2
Precedente28655.pdf,court_resolution,True,3215336,78e06eaff5de637fb8c1e5f05dca090a4338176bfc62d938ed8a17bb6efa3e2c
Precedente28733.pdf,court_resolution,True,2571520,616664e16fa923da5ab542cac0d94781aeca128822f74375de36eb590da17b3f
Precedente28768.pdf,court_resolution,True,2387593,27506f1c555f9ca5a620277338382eb2c53b4b070e1aa2540bb7c8e2ceeb6baa
Precedente28770.pdf,court_resolution,True,2569865,922344d457756e82f7eae5006c4b611db706063298ce12c34f0a9b4138269b90
Precedente28799.pdf,court_resolution,True,2845506,16bb1c45f16424e553c8fa252a08279801e00120bef51972831b39bca7e29000
Precedente28804.pdf,court_resolution,True,2661143,8d5c69beccc5322c465665da37bc77ccd2e213dd4cfba5c9ae6f8aeda94eb18c
Precedente28806.pdf,court_resolution,True,2662115,a3b7d95504b80b016aa9279c54a112d6701a386c513495deb6d5c5d9f1a43e3a
Precedente28842.pdf,court_resolution,True,2111787,9a86283eb4b6043f85cefce418beabf3fd5f71e2dcf1f235c40bda77b96cb12d
Precedente28851.pdf,court_resolution,True,1657688,e852718576ec37ec2ab4849c80cecde9e43e9f27232b166ccfe86063682d2657
Precedente28884.pdf,court_resolution,True,3586124,9e45efe8a04fba601bc0a971ed5360ab59d162ca0961595ecd4716cd9ccf893b
Precedente28885.pdf,court_resolution,True,1928985,bab65f33b334e58d52e265a4cbfbefb62e3fdf390d2f79b48c7c8eb02004b1cb
Precedente28986.pdf,court_resolution,True,921259,43bb59b2171bdb9a5210faea88a29d86d5ca9303d385ce86aa196854a7d07643
Precedente28989.pdf,court_resolution,True,6988903,b9c4ffcfd5fe5956cd8cb23bac5675212428583587275269459875fbf216887a
Precedente28990.pdf,court_resolution,True,1839645,00672149ef1e0d72785a8d781d8a5301c6db67737ff61e3fff0e6c4095aef55d
Precedente29005.pdf,court_resolution,True,1379060,6bb9e2f0ff4c48fcd299827f8f47965f0ccb8eff64dcac5600fcc57f2804e8a6
Precedente29008.pdf,court_resolution,True,3121904,f752910bccf8e5b9e12952569f0450de398d24645be03643c8e4c034b41034b6
Precedente29020.pdf,court_resolution,True,1379454,c0bad402b3ca947e1e286864a6fbf880784803d6f11ea12f4e08f49ee251c591
Precedente29034.pdf,court_resolution,True,1104561,3e898bc966b31b9d504809dae6b5e454102626d98b31cf008fbaa9e6509a2939
Precedente29038.pdf,court_resolution,True,2397282,ba968b2921044ae660747f9a6919ce363d1897344654887c011440ceaf9df365
Precedente29052.pdf,court_resolution,True,2847771,0e424c7e14c28cb747bf6c2b9f92825ea67e1b2d01a29dad5c5a98dc31814f4e
Precedente29073.pdf,court_resolution,True,7816059,abfd7d81bce983b696e4f0e1125576596c765c6e7a68aa9b73428a25c141ac7d
Precedente29112.pdf,court_resolution,True,1655032,a01383d59a80b6b34f8d91c1bcafca9295fc79b4fb399f204bfb7f57cf1458a3
Precedente29132.pdf,court_resolution,True,2207706,4acf3e0fd5af10434cef50975160fb27d9b1569ffce9ec5a3ee7d76c5b94db5a
Precedente29133.pdf,court_resolution,True,4231092,e39dbbc759d3ca831ce406bdf011e78081b989945a5c98934acff17e02c153c1
Precedente29137.pdf,court_resolution,True,1011967,72b3d072b9bd14e0a9b548a9a8b9681796fa6e3c4271d9a32e1b620750102326
Precedente29190.pdf,court_resolution,True,1560918,703ff637faa3e65cbdbdc4ffffc5395cddb686546679d291226a42706ffdb1a0
Precedente29214.pdf,court_resolution,True,2205093,3e1911b0bc5fb9f858ab327a960c7f675a48b75802bc5486e2ab5336d7198507
Precedente29223.pdf,court_resolution,True,1016399,0ffebc4578c16010dd4b476a7db825be2288ceb9f26d5c8cb56f39d55a93f1fc
Precedente29229.pdf,court_resolution,True,1653781,12ddb9cd21d12806d9f36b344232c60f517f90f6cb7a21087031f228f39d7d2c
Precedente29278.pdf,court_resolution,True,1381682,25cf49e8e4f8719e9d169bddac0af92053e9ccaec8afde303f95fbec920fee44
Precedente29281.pdf,court_resolution,True,2027533,474f8e71e2fc1c5473eea95ed6cf53a6037f7fceeb226f96eb3174abb02be8e7
Precedente29283.pdf,court_resolution,True,3043006,722f04e7329e22fedd6e9214cc9dd9fa05bb09ce55a0d5c3e592bf28d855ec88
Precedente29320.pdf,court_resolution,True,1472484,f51e87fd774135ac225bf5f948ec0245459c01af2d7f7f16703deb8d14a8abd7
Precedente29346.pdf,court_resolution,True,1561812,f880ae4d62feedbbd0179175baed1cb499079e3f85598e7515c1f8b29a5f107d
Precedente29375.pdf,court_resolution,True,1198723,c2854c4235edc9d5f33d1117270135a82368a21e2a1104e88d350cbdaa0c928c
Precedente29425.pdf,court_resolution,True,27415130,88d3adcb7206273795deda45082e49d5ad000cfa3774f647c4fd54e778c1717a
Precedente29429.pdf,court_resolution,True,1287288,08be3649d9314ff54153cfa644c2d25b2b9e6893d0b14573cf2bbb6652bfcf9c
Precedente29465.pdf,court_resolution,True,368982,1c25477c54859bfdece10861356bfd9bf69bdb48a2fac06b245a95fb6e80667c
Precedente29471.pdf,court_resolution,True,1011758,7397b29bfcc59084705b14be66d780196cba1751c34b7fd53d9c13ab1384979b
Precedente29480.pdf,court_resolution,True,1103255,1a3b1b0efc4b62699c0fcb75642867510e8aac07341c3341b4185aabe8cde02f
Precedente29510.pdf,court_resolution,True,918425,896118cea363b7bdaf0039352ee4f39b05f677aa190a9c8f74a8854c731d123e
Precedente29545.pdf,court_resolution,True,2581325,432336dae93fea5a3b34f762101e88286cad33bac0b691973bf5e226a14929cd
Precedente29572.pdf,court_resolution,True,3223318,3e12997e49a3eed3280c2602bae533025d195f514d2bcf9ee3089654afd97e20
Precedente29574.pdf,court_resolution,True,3217929,c2c3e6c16f9815f44f60bb891cac68f39be3c00d8f93fa5002b6996f28f74c11
Precedente29608.pdf,court_resolution,True,3034792,33c9c9e53494ceadd092e8e9cb37e5dde8486987b2e407798d2326a93642a699
Precedente29615.pdf,court_resolution,True,4870416,9da864cacf30de686bedcc64b445f53f28f4b8420333158b4e9aaa626c730487
Precedente29623.pdf,court_resolution,True,2394216,b92daa0f98668de92b7117ab392ecbe07c0f71208965bdf131cfe3351c0bd369
Precedente29633.pdf,court_resolution,True,2763717,5307be38a0c625f2db26a8ef690a3c970ff7bbb409f4d6ab6f09e6b445aed057
Precedente29636.pdf,court_resolution,True,7447964,fb7c42af68d0b8f6a35ac484ab778bcbf3f917238db9437314e124fd8b168169
Precedente29679.pdf,court_resolution,True,2392014,5cc0a258dbcd92bd974a96f5bc6d822eab44db9feb73b15a912d61b26a8f6d54
Precedente29686.pdf,court_resolution,True,1105539,5d380a990176f18ffb4337b8084943ddc92058e8654969634b55c893c3bbe1a9
Precedente29694.pdf,court_resolution,True,923592,5fe01177a169a85563eddc8dd450797f2b8a9558c4012500855af68e217c73a6
Precedente29705.pdf,court_resolution,True,1470173,10395d6a26ce57add8cf601ccfaf04a9917b170f02cffb1966f71bfab35dc554
Precedente29766.pdf,court_resolution,True,3033356,b72e4392020889b7d303466070d723bfb0eb973501830884012bb34b373a481f
Precedente29768.pdf,court_resolution,True,2204107,c2e52136b508a1dfc1b61d0efc2152a8399c5248f0828e6346cdeea5e87e4da1
Precedente29774.pdf,court_resolution,True,1384428,9316b2a642ac382b1088cc15d98bca038e111384272a2135123f304d871f7a65
Precedente29783.pdf,court_resolution,True,3953253,067d26ff223c83c3d5f5e4ee7adc4727cfb97d984a4c741c0af0af0200a7355c
Precedente29895.pdf,court_resolution,True,2019478,1df6064c2b0673cb9a3070a181f84f0ef1efeeb9c0f8170a1db4707665dcc344
Precedente29913.pdf,court_resolution,True,2299841,6f8f46a9b1132a9a04b8c870e6fd9130a9aaa393fc04fd226e259941003f86a7
Precedente29917.pdf,court_resolution,True,1655187,f648b19b710dcca91a3735d0926f19af984f2e012666c7140266cf5dbc702ceb
Precedente29949.pdf,court_resolution,True,3214578,b212be53667acc3c230a4c7b218249667f924afaaef50ed68e8fbf7547b7f5f0
Precedente29985.pdf,court_resolution,True,1196677,c05e9d2081fc9459e5ff6ac5c192662cbc9e53d43ed9b5603e10e9a1c139dc11
Precedente29988.pdf,court_resolution,True,1381248,077eaf9efe0f66fef13d7159c6b4fb8740f41e56c3db844a083ecd7327a004f2
Precedente29996.pdf,court_resolution,True,4865427,5db90f7cc0892208ca0103327f27af8ff9bb6bd1356971026d9da561fb6e080b
Precedente30007.pdf,court_resolution,True,3403669,5843a4aed4857f61b74c59f58804a1b3e97c7754763d726b190e141e363dcdb5
Precedente30034.pdf,court_resolution,True,1196320,d14e30fa53d8a3ea51e450921d0bba20be46d53fedd826e45312a28cd73d4da8
Precedente30047.pdf,court_resolution,True,10939387,4846e074156803d0b96da2a7edce31049a5b58ba1bac76ce183b731459743d60
Precedente30106.pdf,court_resolution,True,1194909,c2be513fa54394ccb407b4c6533879aab702d19a569441363a3a4ffa3a694947
Precedente30118.pdf,court_resolution,True,3489860,b2b0ffd3e28352e4ac02b491a4b5e546dd492721af30cb5ed5ba4f676eea2033
Precedente30123.pdf,court_resolution,True,1194665,21d4c198f96fa4d408eeafcc018a70abef17bd01299d266fa6b63239386bb385
Precedente30164.pdf,court_resolution,True,1747323,18804aa68e21fccc8f9ac9c018f403439c532e7133c0bd8d8d6f6d466782e542
Precedente30171.pdf,court_resolution,True,4405500,1ce81ac5e03551a6dcd8e0e35e03200cce0d8c0df6d4d56418f4b353768f7303
Precedente30180.pdf,court_resolution,True,1472250,5368b0279a996e40389d4dd9618e454a7eb5176c0d96cb76807e0425f84ab176
Precedente30210.pdf,court_resolution,True,4053287,dc676ad21ee4a9536807790e48200cb6b576b85acfb65f0b84a45dcb24d365b6
Precedente30211.pdf,court_resolution,True,5617942,e87249d21ce80288950f2c8d74caf80a5fb4e9791994b30d1e81b7092d1745da
Precedente30222.pdf,court_resolution,True,921524,e14e58b73ca4e5a565095e3f415f6a3ef84656f9b87977cd56651159cac65a9f
Precedente30231.pdf,court_resolution,True,1655069,a6705b34e675ae02aad613a07cab63f306a3a869531d1542dd77f7184c23e630
Precedente30238.pdf,court_resolution,True,7633871,c5c60e80fdf709eb1c909465ba506e5c1cbe4114f9fcbf34b2987f4694416422
Precedente30265.pdf,court_resolution,True,2392628,83a584d01261af98db6f05d8693076a0c3003f4f247981cc7ea5b81ca3ec4557
Precedente30268.pdf,court_resolution,True,1740613,7ea5ee56a1ea6e84d155a6ee1b17fffb7c885d4546a48bc6207bb28a735cc360
Precedente30297.pdf,court_resolution,True,2297201,22134c909fc75c8ceb4f5f002f81208de74449603ff2543041bdde12ab22a25a
Precedente30383.pdf,court_resolution,True,1842494,4c54238581827f4768b7a78a3c56f97b68d2e6c95f4b340296176378ce77ef1d
Precedente30390.pdf,court_resolution,True,6711626,ddf957064fb921ac444a1837019691e49c1bb86ef2a76564258958d36670f45f
Precedente30419.pdf,court_resolution,True,3213677,cd314ac5769925e78bc7e8cad17184f34bdea77a03148480c986efde049603a9
Precedente30430.pdf,court_resolution,True,1742895,2df7a929a6da9cee011dfe11224b834d8673c20806224954f795e36ccc987e51
Precedente30461.pdf,court_resolution,True,1288843,b252e612ecf3318e9117ae40df21187b40b61f738d54c119e60cb965298609c1
Precedente30476.pdf,court_resolution,True,3314966,2323716b4cb1f1b14186bed4b6101d8e4589845c313af7774695b3d8f977fddd
Precedente30477.pdf,court_resolution,True,1742220,576eb119e8951f6a007f239ac88580e55bcdea66d9adefe4d6a981ce3513a9de
Precedente30485.pdf,court_resolution,True,2207167,73b6f323317782e588a9bac055a06a3fa80bdb920949aa2c8e7757f5f2325ba9
Precedente30487.pdf,court_resolution,True,1569045,9e07cfda2da2197112e9dc4736e5b71bc304fdfedc717b5ae71cfd2ef343cc94
Precedente30504.pdf,court_resolution,True,2022422,df8bee0bbc7967ba279c2e03f9b4799fd24c3e8386be3c355c2f317eb32a1c14
Precedente30506.pdf,court_resolution,True,3038547,6ed2d16e40478d1eef743e078d9a53511a2345c64667ddbb3ee7d6f7b2b40fd0
Precedente30513.pdf,court_resolution,True,2301519,a00ce1d1bd420d44742df2647b8376fd5daf964619be17498163d2aa19503f24
Precedente30521.pdf,court_resolution,True,1105772,a9849567c9529c0771cba9a671fa3f10a6dbb850bfc570f74b465a5d9e1fc026
Precedente30522.pdf,court_resolution,True,5701277,7e41e064242c8a86c01fa033876a83cf6b6abb6fbc38754a62e97b6a883ed89d
Precedente30530.pdf,court_resolution,True,2666870,18f299e75362496e0968ddd303072d676a5709a04ffeb739ee7ab1db6c32f100
Precedente30533.pdf,court_resolution,True,2022355,a26b28a009e7f3388d430cf89cbd0ba7d02c12df9a1edd07beda2d81e560265f
Precedente30538.pdf,court_resolution,True,3308059,456b6efe3486d77bf88328ce95020aefb95ed7c3288e17cc80826280feae2339
Precedente30546.pdf,court_resolution,True,1104015,bbf21561994ebbb8828b7a9772d06bc179ae61683e288e6789003ccf86379d3d
Precedente30549.pdf,court_resolution,True,3777101,6babc04d13796d75c2a81b342bbe3c55a66b8299e281c94081745109cc9da3aa
Precedente30554.pdf,court_resolution,True,2026447,3fb4a7b76b39b7925c5a2d5bc1b51a44fe5488e51bddb838047f918b4ef3b087
Precedente30569.pdf,court_resolution,True,4144885,11de14d828313c4b3ce0546f33cafda184c5dc418c3bf22624a692100b392b4b
Precedente30574.pdf,court_resolution,True,1289947,083480465b1861ec9ffb495a30e8a13fd917c2216675a5301d9c5e099f7786de
Precedente30588.pdf,court_resolution,True,17013351,19d5bd1dc4c301596029f04ccbfadd498919cb584ae9c733fd5cbb5ea3e1bc90
Precedente30601.pdf,court_resolution,True,6717432,6a1094b22b0d38b2ec711a246ddcbcd5590c6a12da8f9a74ae57f98220eaa022
Precedente30637.pdf,court_resolution,True,8007982,9210fc20ebf6d5a419ea5a6c63addebc4c02b4a515e96002b30a0a6432f2e114
Precedente30666.pdf,court_resolution,True,642605,d24b2b004bd5f4530ea2e7ec7d36b8f3b608b0df023f9799722950680ab817c8
Precedente30683.pdf,court_resolution,True,551550,6e0cfad5b2d92c254981801ccc67c700555f028dbc6158c89f1bb01e2b6395fb
Precedente30692.pdf,court_resolution,True,2299287,8fba7c97cfe5349a685ba890ac1a352786f6f82dd47eb6cf89a296a051f6d972
Precedente30698.pdf,court_resolution,True,1929461,3e28c561f933451c2b3191ddfd140a613e5804daeb1c44849bc56d44b356238a
Precedente30707.pdf,court_resolution,True,2479679,30d90c64ae9d77ab8b3f44e6739d7e8718cdd0515ae190238cf0f28287e9e83f
Precedente30708.pdf,court_resolution,True,2024863,c7a08cb96279d4aadef62400a701516617691a55e92b809f673cce175edf27ba
Precedente30711.pdf,court_resolution,True,2576615,7d74da7ebdbe8873faefb22a67ce63e90f969a2bc47dba46a3180725282491f8
Precedente30712.pdf,court_resolution,True,3131508,99c5ad8ab603d3ba0f1e031f6ec500fd510e38a0c9ef54e55a8f767fa7fc0d1e
Precedente30727.pdf,court_resolution,True,2851429,d79997af0f7fdd4f753c3a56a1c3117813a0cd4787e0fd759de7cac655ce9604
Precedente30730.pdf,court_resolution,True,2753687,49a15f6d82faf7fa88cd7da988a9d1e891e6b8a09f68ac1ce20705c05eea62fc
Precedente30733.pdf,court_resolution,True,2037689,dd923ea6b2cb8c960bf5c887e31067251240b6052cf873e23d668e3eca051def
Precedente30738.pdf,court_resolution,True,4144087,a16a783bb2c6cf0defe7526ab081e379ef573fb474176ccfb2795e6a08c5406f
Precedente30753.pdf,court_resolution,True,2484229,97b9571511da80faee050bfc0aac3bfd1565fcb1e5c07c69fbf29623db5e133f
Precedente30755.pdf,court_resolution,True,2852178,48dc17030c5a278b9c1e322ff0695c3d58a1c9ba92b6b22c415d89597664b20c
Precedente30759.pdf,court_resolution,True,3240144,9ce0113e3c32e0ef5d9cb56fd27b4369f3fd5ce21423bcf6a4086376562f4257
Precedente30777.pdf,court_resolution,True,642838,8a0bce5422e05ff58b5d1be2a77248da9808def895a5f890e7b261cc38f4a0c8
Precedente30782.pdf,court_resolution,True,4137901,e5f27c102ae9c58c5f702c4c8fbc869764bc36360e90aa89db4c5741015862d1
Precedente30784.pdf,court_resolution,True,5977452,4f55c75a8bcc7ba927e7911e0de9f33c29b39a2c604eb4c94f6785b37015f4fd
Precedente30785.pdf,court_resolution,True,1929122,52fe6ba0267e5f44330f21789b9df4b9771cf9f606a2ef904c862cae026b0fa6
Precedente30787.pdf,court_resolution,True,5609880,be8f0b96c184df4a92f23b7bba7068c5fb3405d57373113ae027bc53825f0426
Precedente30796.pdf,court_resolution,True,3879353,fade83a74d7079c43a36072f73e420287442d9ebc21361dcf420aa5dab59fd80
Precedente30798.pdf,court_resolution,True,1838922,497ffca994c90e32b280b410add9a1e52ec7072aa9387f6bf24c840135a7cba7
Precedente30806.pdf,court_resolution,True,2299586,fb2fed3487674cea45b8e8ed1dbff4d5a5e1fb39119cd0ba61e2fe2f598cc100
Precedente30820.pdf,court_resolution,True,2397200,c8698db876ddae693cd0df6007b064cad2fe1cf4e6889c2bb1415e9f67414367
Precedente30821.pdf,court_resolution,True,2481075,906dbf5bf75db9e865507a6cdf349b8d7854ff6f9d1c2431aacc433e04d1936e
Precedente30824.pdf,court_resolution,True,4231111,a2b9e28f1f961564c2a99a29735b9e1f71131d4b2adc3bc46e2da351423edf40
Precedente30833.pdf,court_resolution,True,2483362,da5af8b6ab9f62163c948e811893b9fca3af3d2cc6ce2af3bdade14e73662634
Precedente30884.pdf,court_resolution,True,2023648,642f8e6c9909b822d5950d748a2bebcc331d6417e1faa9e94a1deb40b087a2ed
Precedente30890.pdf,court_resolution,True,1379454,97ee7e79d20114af3d1f4d711181795b8017c595c6d4a6cccf30e0c3ae388a04
Precedente30915.pdf,court_resolution,True,4324426,5896f9721679551b1f098280983fc4b4c51b78f0bb6661eebd398f532a5767a8
Precedente30964.pdf,court_resolution,True,2116261,8c654bf44be83a4d845f2325f18a3742a835ba830f224bbc7644eb6dfb263fd4
Precedente30976.pdf,court_resolution,True,3675361,92adde43ac5f79a39971c6a04085952fa52781fae7e0d073136368f6bdd4d508
Precedente30978.pdf,court_resolution,True,2110021,59c15bea47feaa78a1a4790964ae8aff843c420cb492bbdfeeecc424a67fa6ba
Precedente31001.pdf,court_resolution,True,1563268,92d660e48fd6637b87d7f7473a07c44af01977121768d1bad673d3d23ece63c8
Precedente31004.pdf,court_resolution,True,1013536,3a109ef9668ea0f96d49f6dfdb0b6b42536d3d1025a322af6a76b816f3b5f605
Precedente31021.pdf,court_resolution,True,2117498,57846232de92508798e73ee7cf1423a03010820cb6d317ed0853f6a792e3c4ac
Precedente31091.pdf,court_resolution,True,3411466,b6e2a601f4ddcb5f183bd01bae65933b0f15677d6699e1b595316e3abc3e26d0
Precedente31169.pdf,court_resolution,True,3494474,6de15a475c087b9eb351c19fdc4800f0c4c477cf6a38b789fb14fc05bbae6558
